,cluster,membership
ENSG00000146859,0,0.9999959582743481
ENSG00000133574,0,0.9999710892604364
ENSG00000163565,0,0.9999999999999962
ENSG00000177409,0,0.6849010362403396
ENSG00000107201,0,0.9999346835840328
ENSG00000136514,0,0.9999871394503359
ENSG00000185880,5,0.9938128622501197
ENSG00000205413,0,0.9357528916243477
ENSG00000164054,0,0.9998176982535792
ENSG00000183486,0,0.9999999792017995
ENSG00000135114,0,0.9990070988556544
ENSG00000121858,0,0.9999948098770912
ENSG00000132109,0,0.9999999999365117
ENSG00000185745,0,0.9675160740144667
ENSG00000163154,0,0.990556349340526
ENSG00000067066,0,0.999467936941855
ENSG00000089127,5,0.6429866106853243
ENSG00000124256,0,0.9999918873708779
ENSG00000135899,0,0.9999999999998828
ENSG00000163840,0,0.9998708957428697
ENSG00000086065,0,0.9999999943311142
ENSG00000132256,0,0.9999999990042274
ENSG00000132530,5,0.9999999949419607
ENSG00000129465,0,0.9945729855147867
ENSG00000155252,4,0.997611374900328
ENSG00000026950,5,0.999999999889325
ENSG00000073737,0,0.9999989471235017
ENSG00000126860,0,0.9999997612723709
ENSG00000135828,0,0.9514542787347738
ENSG00000173198,5,0.9999999999939855
ENSG00000149798,0,0.9999999867895799
ENSG00000183688,1,0.9978703372764327
ENSG00000119922,0,0.9995782098355214
ENSG00000152102,4,0.9999944321387215
ENSG00000137628,5,0.9999525674457052
ENSG00000180871,0,0.9999300716967342
ENSG00000179833,4,0.9999986434063426
ENSG00000213928,5,0.5954644196969296
ENSG00000236345,0,0.9601150793371785
ENSG00000123609,0,0.999998464687752
ENSG00000235750,0,0.9759661009251106
ENSG00000167851,0,0.9972513040883404
ENSG00000281100,0,0.9999995812184983
ENSG00000111335,5,0.5097225775354921
ENSG00000135148,0,0.9988228680831923
ENSG00000119917,0,0.5906450258483382
ENSG00000168310,0,0.9984615322443827
ENSG00000196684,0,0.9999959244831013
ENSG00000152213,0,0.9999999941612545
ENSG00000138496,0,0.999242526342481
ENSG00000184979,0,0.8925680407676667
ENSG00000121486,0,0.9092782125554962
ENSG00000115145,0,0.7579829790502708
ENSG00000172086,5,0.9401747909347946
ENSG00000157601,0,0.9997923718848619
ENSG00000070190,0,0.8602764053898305
ENSG00000122643,0,0.999999972025906
ENSG00000152778,0,0.7044655761658618
ENSG00000196116,0,0.999994903237489
ENSG00000134321,5,0.7558358126927287
ENSG00000168394,5,0.9996022217276035
ENSG00000196954,0,0.9930783941110533
ENSG00000111801,5,0.9987956205441867
ENSG00000174007,0,0.9988411745108436
ENSG00000137752,0,0.9999999999998315
ENSG00000108424,0,0.9999474640899279
ENSG00000121067,5,0.8406011303959944
ENSG00000123610,0,0.999999999999831
ENSG00000228830,4,0.9998409156838437
ENSG00000101782,1,0.9439850590463783
ENSG00000132274,5,0.524531265595709
ENSG00000151702,0,0.9323645212696937
ENSG00000198818,0,0.9999999043743959
ENSG00000120280,0,0.8976337779815953
ENSG00000095370,5,0.9747394100711588
ENSG00000181778,0,0.9999841464786609
ENSG00000136816,0,0.9999999999999893
ENSG00000169220,0,0.9945507375364817
ENSG00000225470,0,0.9999999859299784
ENSG00000111331,5,0.9858770166564682
ENSG00000138642,0,0.9642929363470162
ENSG00000179933,0,0.9999018538043589
ENSG00000185507,0,0.9999999959029806
ENSG00000133106,5,0.9999911455808942
ENSG00000164674,0,0.9999984764155289
ENSG00000172349,0,0.8169479203979207
ENSG00000055332,0,0.9999754773099195
ENSG00000171049,0,0.9999994971280837
ENSG00000117226,0,0.7241643272273237
ENSG00000108771,0,0.9999941711378951
ENSG00000163464,0,0.9999999998781828
ENSG00000112343,0,0.999996498276155
ENSG00000128383,0,0.999796363212299
ENSG00000137959,5,0.9999971700881051
ENSG00000159882,0,0.9964349772607163
ENSG00000239305,4,0.9999915102780282
ENSG00000173110,0,0.9999999809000654
ENSG00000188313,0,0.9999999913483927
ENSG00000135211,0,0.9999999641186372
ENSG00000088827,5,0.9999999999999241
ENSG00000105483,0,0.9999999999993237
ENSG00000164144,5,0.9999999999920681
ENSG00000035681,0,0.9999477757192679
ENSG00000181381,0,0.9999999999986893
ENSG00000140259,0,0.9999999555220227
ENSG00000116863,0,0.9999999995147897
ENSG00000167208,0,0.9961671527832754
ENSG00000254017,5,0.9999989234016913
ENSG00000079263,0,0.9999999999997728
ENSG00000178966,5,0.8908153096172028
ENSG00000196470,1,0.9999999917161043
ENSG00000118260,5,0.9999999991159909
ENSG00000142687,0,0.9999923684065151
ENSG00000111913,0,0.9999999867422964
ENSG00000185909,5,0.9927075326537744
ENSG00000136147,0,0.999443519259263
ENSG00000151743,5,0.9895042462596881
ENSG00000119950,1,1.0
ENSG00000067182,0,0.9999869674535824
ENSG00000232815,0,0.9999999995533779
ENSG00000168264,4,0.999989607111407
ENSG00000143409,0,0.8719229993294377
ENSG00000163219,0,0.9999994330964922
ENSG00000137965,5,0.9999875531527725
ENSG00000124786,5,0.9999998918686287
ENSG00000186470,0,0.7135679278183313
ENSG00000112763,5,0.8796853054059697
ENSG00000204261,0,0.9999637327111702
ENSG00000008130,0,0.9999998617474946
ENSG00000115267,5,0.9951922208484811
ENSG00000138646,0,0.9993629541854507
ENSG00000165233,1,0.992678704238192
ENSG00000198899,1,0.9999322863758338
ENSG00000090989,5,0.9932780939229986
ENSG00000134326,5,0.9332560956554863
ENSG00000121236,0,0.9836715887323887
ENSG00000125449,5,0.7739248868896368
ENSG00000115325,5,0.9986096527949383
ENSG00000163823,0,0.9994614015722643
ENSG00000163568,0,0.9999984035967814
ENSG00000009844,5,0.9412656965567506
ENSG00000170956,0,0.8846095312426988
ENSG00000126709,5,0.9334347375411436
ENSG00000154305,0,0.999998785772475
ENSG00000109046,5,0.9980220487298399
ENSG00000233030,0,0.9999999998255968
ENSG00000148572,0,0.9999999141187674
ENSG00000048342,0,0.985856264241029
ENSG00000161010,3,0.963127103078985
ENSG00000173193,0,0.9248045545763133
ENSG00000163563,0,0.9999997060630095
ENSG00000117228,0,0.9867774204824457
ENSG00000106560,0,0.999827890468322
ENSG00000116560,4,0.9999999999716993
ENSG00000122861,4,0.999999999539672
ENSG00000133943,0,0.9999999998604419
ENSG00000156587,0,0.999959380577666
ENSG00000068079,0,0.9843640392586297
ENSG00000102524,0,0.9999990117139824
ENSG00000115421,5,0.9999998824634957
ENSG00000106392,0,0.9999996602455226
ENSG00000130813,0,0.9423839842608337
ENSG00000187608,0,0.9996781905452883
ENSG00000068784,5,0.9999682283053591
ENSG00000104133,5,0.9999999999950675
ENSG00000277511,0,0.9999771882091165
ENSG00000145016,5,0.8759422046127252
ENSG00000168040,0,0.9935417215858484
ENSG00000165355,1,0.9999999999913725
ENSG00000119820,0,0.9999982671677707
ENSG00000172936,0,0.9999999996134032
ENSG00000258659,5,0.855625689993741
ENSG00000120690,0,0.999989094456555
ENSG00000246082,0,0.999999691314869
ENSG00000108984,0,0.9999767293738684
ENSG00000143891,0,0.9999999924441455
ENSG00000197063,1,0.9950951183128436
ENSG00000178927,0,0.9836364184911083
ENSG00000062485,4,0.999999998746478
ENSG00000125826,0,0.9999958766038387
ENSG00000109220,0,0.9303883017890258
ENSG00000160710,0,0.9999994160746674
ENSG00000079950,0,0.9999998565082816
ENSG00000249662,0,0.9999997442286191
ENSG00000107796,5,0.8645967411446396
ENSG00000168016,0,0.9999995944469015
ENSG00000164967,0,0.6237198649461061
ENSG00000108100,2,0.7812368674250768
ENSG00000182952,5,0.9999996540818024
ENSG00000183621,0,0.9999999850003845
ENSG00000111642,4,0.9686417760873581
ENSG00000116663,0,0.9645038010587075
ENSG00000198938,1,0.9985929060354156
ENSG00000070756,4,0.999999999580627
ENSG00000198742,4,0.505720159373882
ENSG00000255760,0,0.9999979396055991
ENSG00000102760,1,0.999965867637627
ENSG00000170581,0,0.9999992162487251
ENSG00000158201,5,0.9993059643272265
ENSG00000204439,5,0.999952363771965
ENSG00000010030,0,0.9999888299111687
ENSG00000111859,0,0.99686294898308
ENSG00000117475,0,0.9997270365810021
ENSG00000168062,0,0.9825890933145698
ENSG00000169375,3,0.9999999999999971
ENSG00000127084,0,0.999640474162374
ENSG00000165732,3,0.999500416943208
ENSG00000172123,0,0.9999999997540301
ENSG00000196141,0,0.9999999999999964
ENSG00000197111,1,0.9999999855873924
ENSG00000002919,0,0.9999369228174823
ENSG00000135070,1,0.9999994869562235
ENSG00000155363,0,0.9968169785296815
ENSG00000186660,4,0.9999979661373007
ENSG00000173221,0,0.9999999985109882
ENSG00000127526,4,0.9985659010386099
ENSG00000186480,4,0.9999999966596795
ENSG00000165029,5,0.9998436446545417
ENSG00000225101,0,0.9999999989284463
ENSG00000087502,5,0.9999070620337954
ENSG00000175538,0,0.9997894556444955
ENSG00000282851,0,0.9999937593884212
ENSG00000158793,0,0.9998477948344769
ENSG00000107371,0,0.9735747178254974
ENSG00000148925,0,0.9992208576571883
ENSG00000163166,5,0.9999943705336987
ENSG00000116337,1,0.9990297035997253
ENSG00000153914,4,0.9105380163461049
ENSG00000150681,5,0.9999999194862028
ENSG00000188554,0,0.9902554266166858
ENSG00000182557,1,0.9999999998985474
ENSG00000172232,2,0.9151749120599902
ENSG00000206337,5,0.9995529074521041
ENSG00000102710,5,0.9999999747547452
ENSG00000100300,2,0.999999999999974
ENSG00000137767,0,0.9999999865265057
ENSG00000118564,0,0.9998510408853135
ENSG00000265972,0,0.7815533267518241
ENSG00000184007,1,0.9999948218478336
ENSG00000094975,4,0.9957323799127973
ENSG00000104325,0,0.9999981547913059
ENSG00000272398,2,0.9999999678822756
ENSG00000013374,0,0.99999975722867
ENSG00000117091,5,0.9999999983102426
ENSG00000164821,2,0.9997033315581593
ENSG00000170633,5,0.9999996562728157
ENSG00000158373,5,0.9965973326767756
ENSG00000068394,0,0.9956702493704775
ENSG00000066136,0,0.7568085786302826
ENSG00000114120,4,0.5062736141305784
ENSG00000259268,0,0.7857725712621559
ENSG00000186812,5,0.5812562181189063
ENSG00000170876,0,0.9999987544857055
ENSG00000164117,5,0.510357159259972
ENSG00000110046,2,0.8583134660585732
ENSG00000100802,5,0.9999999999807336
ENSG00000174718,5,0.9935169773475937
ENSG00000240247,2,0.999999999999994
ENSG00000231607,0,0.9968814261988478
ENSG00000204131,0,0.9999844627263121
ENSG00000143376,0,0.9999999999974056
ENSG00000124102,1,0.9999999585308924
ENSG00000270972,0,0.99999882916916
ENSG00000075292,5,0.9999999999575921
ENSG00000183474,0,0.9100185756101208
ENSG00000025796,3,0.9124056482214445
ENSG00000146425,0,0.9956057969011627
ENSG00000243646,0,0.9999999980265422
ENSG00000173821,0,0.9861865365551511
ENSG00000167604,4,0.9999999999999998
ENSG00000167378,3,0.9999876767370125
ENSG00000119979,0,0.945317820214058
ENSG00000117222,5,0.5636104510364767
ENSG00000257878,0,0.999999988062165
ENSG00000116731,4,0.8965418900038881
ENSG00000105968,1,0.9999947867322894
ENSG00000204592,0,0.9998126729516414
ENSG00000143924,4,0.9999858463004366
ENSG00000233975,0,0.9999995160608829
ENSG00000255328,0,0.9999999999994595
ENSG00000132661,3,0.9970367458720683
ENSG00000177294,0,0.9999753343396365
ENSG00000173846,1,0.990203457603893
ENSG00000148346,2,0.9999984119014133
ENSG00000196371,4,0.999999950458232
ENSG00000273272,0,0.9999999606017911
ENSG00000188921,5,0.5609862553217057
ENSG00000143321,1,0.999743169625092
ENSG00000120594,5,0.9999971048727041
ENSG00000167562,5,0.9999980310314673
ENSG00000198727,1,0.6259975560329021
ENSG00000185787,4,0.6733587962844862
ENSG00000082074,0,0.9999999999511067
ENSG00000180573,0,0.9705012497246461
ENSG00000104885,3,0.9891147802869098
ENSG00000240065,0,0.9999993246153115
ENSG00000119321,0,0.999999999981573
ENSG00000175061,1,0.9752771652937864
ENSG00000151466,5,0.9999999999798135
ENSG00000033800,5,0.9904938157259318
ENSG00000198736,0,0.9999999997220419
ENSG00000101574,0,0.9999627702069421
ENSG00000225964,0,0.6126435027095024
ENSG00000110876,0,0.9999999996211475
ENSG00000272501,0,0.9981962021501962
ENSG00000198886,1,0.9999999999999987
ENSG00000177169,1,0.9999926089435185
ENSG00000104824,1,0.9999997641871731
ENSG00000110200,1,0.9999999998116447
ENSG00000128335,0,0.9999961422379972
ENSG00000010539,0,0.9998634407658977
ENSG00000125968,4,0.9628531953730705
ENSG00000244754,5,0.9998951244385678
ENSG00000205903,4,0.8581783011078535
ENSG00000185885,0,0.989580869192333
ENSG00000117010,0,0.9999999999999956
ENSG00000197562,4,0.9999983252076222
ENSG00000197561,1,0.994086361925347
ENSG00000123405,0,0.9999951976244972
ENSG00000143570,5,0.9999975333702218
ENSG00000110852,0,0.999912715435845
ENSG00000070269,5,0.9910480607855221
ENSG00000138668,4,0.9749820595229012
ENSG00000248527,1,0.9999998786267544
ENSG00000280248,0,0.9999999998717746
ENSG00000175857,5,0.9999992183954837
ENSG00000129691,5,0.9999999858098507
ENSG00000068878,4,0.999999999421832
ENSG00000166523,0,0.9999975552274051
ENSG00000149131,5,0.9999860303430336
ENSG00000269243,5,0.6519985811135307
ENSG00000165118,0,0.9987592401143547
ENSG00000157551,0,0.9999999661571755
ENSG00000133657,4,0.662057455275914
ENSG00000160932,5,0.9999999956391306
ENSG00000125772,1,0.9990345311111491
ENSG00000171497,5,0.9993780146922603
ENSG00000102699,0,0.9562319697815482
ENSG00000263020,1,0.9989657349902213
ENSG00000169228,0,0.9999699249804539
ENSG00000132357,0,0.9999994569612976
ENSG00000142961,0,0.9999988564757079
ENSG00000167536,0,0.9999999969305571
ENSG00000196812,5,0.9998487499095223
ENSG00000130303,0,0.9999999999978406
ENSG00000111224,0,0.9985969691322881
ENSG00000130150,5,0.9987694948297593
ENSG00000105053,5,0.7885521128415809
ENSG00000133317,1,0.9999999999999909
ENSG00000133884,0,0.9999678984044741
ENSG00000204977,0,0.9999535663750858
ENSG00000260943,5,0.9932285245683055
ENSG00000118816,2,0.9999913807438258
ENSG00000100596,0,0.9999999999999953
ENSG00000229474,5,0.9984743791148322
ENSG00000136869,0,0.8805836246724874
ENSG00000171115,0,0.9999933309364152
ENSG00000115415,0,0.9528195361003883
ENSG00000198355,4,0.9999712643068771
ENSG00000116741,0,0.9563666589896581
ENSG00000123933,1,0.9324817158605395
ENSG00000134107,3,0.9999999970463678
ENSG00000132376,1,0.9988412521583507
ENSG00000146963,4,0.9997810457776714
ENSG00000143119,0,0.9999998977096312
ENSG00000255587,2,0.8400220092461476
ENSG00000178913,5,0.9999999999999853
ENSG00000000457,5,0.9999984772998025
ENSG00000118518,5,0.9999999987713561
ENSG00000185862,0,0.9999999999999962
ENSG00000163512,0,0.9999990970707643
ENSG00000184990,1,0.9711126284354202
ENSG00000176845,1,0.5585379563385313
ENSG00000257802,4,0.9996030837798507
ENSG00000138459,5,0.9999916675257081
ENSG00000053770,5,0.9999979045521126
ENSG00000111653,5,0.9995922883534489
ENSG00000121931,5,0.9999999999966211
ENSG00000267745,0,0.9999999958657242
ENSG00000198520,1,0.6612771373037147
ENSG00000100448,2,0.9642205473276799
ENSG00000152904,5,0.999997721570559
ENSG00000173801,5,0.9999993875229968
ENSG00000159314,5,0.8111403586550506
ENSG00000155313,5,0.7688853190728289
ENSG00000147168,5,0.9999999998644864
ENSG00000185722,0,0.9999999998350293
ENSG00000158406,5,0.9999999951786818
ENSG00000287263,5,0.662595782647203
ENSG00000143545,2,0.9999999998889875
ENSG00000115446,5,0.9999828708984139
ENSG00000084110,0,0.9999999997368143
ENSG00000114439,5,0.9990850501696648
ENSG00000256683,0,0.8876715081426397
ENSG00000100938,0,0.994983544471479
ENSG00000279296,5,0.9998905239070269
ENSG00000128272,4,0.9913936734632893
ENSG00000179044,0,0.9999999934064856
ENSG00000185033,0,0.9999983493788419
ENSG00000178977,0,0.9999682171074422
ENSG00000270562,5,0.9999999999996088
ENSG00000286076,0,0.9998718192155562
ENSG00000124508,5,0.9968791368368322
ENSG00000080802,5,0.9787474216891519
ENSG00000163481,5,0.9999981303346757
ENSG00000069956,3,0.9999999987937875
ENSG00000144677,1,0.9859312491683389
ENSG00000086730,0,0.9999999999978617
ENSG00000133112,2,0.7216665800037569
ENSG00000009790,0,0.99999994629082
ENSG00000182919,0,0.9999999999801705
ENSG00000267680,5,0.9999999957447363
ENSG00000135900,0,0.9999991396920681
ENSG00000198840,2,0.9999980086155317
ENSG00000182179,5,0.9999998189340605
ENSG00000204516,5,0.588883748996899
ENSG00000167065,5,0.9999945405589592
ENSG00000024862,5,0.973438713921543
ENSG00000171155,5,0.9998252098060822
ENSG00000101363,5,0.7328908965310859
ENSG00000158669,4,0.9999999999999991
ENSG00000132819,4,0.9999990638083434
ENSG00000104918,2,0.9998910892964421
ENSG00000155090,3,0.9999941470381813
ENSG00000152684,0,0.9999999997324798
ENSG00000003400,0,0.9999999282371668
ENSG00000028528,0,0.999920709863832
ENSG00000241878,0,0.9999999999971292
ENSG00000163683,5,0.886974403530527
ENSG00000114127,0,0.7118152855855917
ENSG00000204397,0,0.9998799100572721
ENSG00000115339,5,0.8602987976258066
ENSG00000155926,0,0.9990788854632003
ENSG00000188404,0,0.999998524841824
ENSG00000148344,2,0.9994558153599762
ENSG00000155876,5,0.9993748974149026
ENSG00000136938,1,0.9985814046743088
ENSG00000141664,5,0.9999999668778285
ENSG00000159461,3,0.9317834730934101
ENSG00000204264,0,0.9947640652015263
ENSG00000142583,1,0.9891716093234832
ENSG00000121481,5,0.9995434895015626
ENSG00000107099,5,0.9999949757734502
ENSG00000154928,5,0.9903866368236832
ENSG00000011426,4,0.5704978150376983
ENSG00000142039,5,0.9999997538491237
ENSG00000127952,0,0.9999552792225744
ENSG00000102897,0,0.9999999979957597
ENSG00000221963,0,0.6183746957943345
ENSG00000198804,1,0.9999954944680108
ENSG00000156232,4,0.9840550267792401
ENSG00000187954,4,0.9935406719018556
ENSG00000100221,4,0.9999999999999998
ENSG00000233785,0,0.9999536127279246
ENSG00000177666,1,0.9999422873399325
ENSG00000105127,3,0.9999967510775782
ENSG00000285006,0,0.9999998060413245
ENSG00000062194,0,0.99999997351778
ENSG00000239653,0,0.9999991299060059
ENSG00000168404,0,0.9999998457213208
ENSG00000035720,5,0.9999996544837729
ENSG00000010704,0,0.9999913150531701
ENSG00000116815,5,0.9999997525101922
ENSG00000239857,1,0.5240941458953379
ENSG00000265118,0,0.9999999984245078
ENSG00000136504,3,0.9999999998479414
ENSG00000072952,0,0.9999778318001173
ENSG00000133561,0,0.9999612613463721
ENSG00000106089,3,0.9999999999201759
ENSG00000213689,0,0.9999999999999953
ENSG00000171428,0,0.9999959756217021
ENSG00000184216,4,0.9998494388537106
ENSG00000178685,0,0.9963486213090463
ENSG00000106733,5,0.9999999116561367
ENSG00000152558,5,0.9966292365700159
ENSG00000101216,4,0.9999999995258808
ENSG00000122641,2,0.9999999645578804
ENSG00000103355,1,0.9999088182395081
ENSG00000173614,5,0.7244717905929519
ENSG00000108179,3,0.9999999600214076
ENSG00000112715,1,0.8255131357309337
ENSG00000137309,3,0.9961800182841518
ENSG00000105501,5,0.9988908598102497
ENSG00000077420,0,0.9999999931598706
ENSG00000140691,4,0.9998332586720424
ENSG00000005381,1,0.8584095849030394
ENSG00000150907,3,0.9362373313871845
ENSG00000168795,3,0.5552764055230011
ENSG00000186866,1,0.9999997729594705
ENSG00000188997,0,0.9999419418734905
ENSG00000279727,0,0.9997088794116571
ENSG00000108679,5,0.99725112210096
ENSG00000143363,5,0.5584182065405224
ENSG00000215378,2,0.9999998360347546
ENSG00000136874,5,0.99999999749869
ENSG00000084733,0,0.9999965624419137
ENSG00000131143,1,0.9999993403463839
ENSG00000187555,4,0.8504418615262548
ENSG00000100083,4,0.8928410356372573
ENSG00000113369,0,0.9997716239897756
ENSG00000162747,0,0.8649419768282854
ENSG00000198604,0,0.9978122315765956
ENSG00000112149,3,0.9999964979553642
ENSG00000198888,1,1.0
ENSG00000059378,0,0.9999999999816906
ENSG00000086061,0,0.9999981395253913
ENSG00000138867,4,0.9214587283067939
ENSG00000261158,0,0.9997317019961098
ENSG00000126368,3,0.9999999999959182
ENSG00000113070,1,0.9999997624136476
ENSG00000116604,4,0.989722370663247
ENSG00000281162,0,0.9998792946388517
ENSG00000198001,5,0.9999999999999813
ENSG00000101608,0,0.9999999970239937
ENSG00000288587,0,0.9895479897246595
ENSG00000175352,4,0.9518236580727807
ENSG00000104529,1,0.9999999999999978
ENSG00000048740,5,0.9852669882715992
ENSG00000124357,0,0.9994270097119926
ENSG00000137757,5,0.9909442202783244
ENSG00000239713,0,0.949486823322594
ENSG00000137404,1,0.9999982963230318
ENSG00000113448,4,0.9999972648045565
ENSG00000111911,0,0.9344060251857091
ENSG00000111679,5,0.9581052493763687
ENSG00000083223,0,0.9999177532300167
ENSG00000104320,5,0.9985668475864474
ENSG00000059769,4,0.9999845117929985
ENSG00000263069,0,0.9999367332088939
ENSG00000249437,5,0.9813279218280022
ENSG00000273133,0,0.9999999973796874
ENSG00000105220,1,0.9791746263582854
ENSG00000101220,1,0.993302289483462
ENSG00000104812,1,0.9999999981084609
ENSG00000012223,2,0.9999962970934769
ENSG00000106785,0,0.9999005934883454
ENSG00000129007,0,0.9999999997464395
ENSG00000225342,0,0.9999124596478175
ENSG00000279320,0,0.9999952262619141
ENSG00000116273,4,0.9999607585749889
ENSG00000243364,0,0.7251750684836491
ENSG00000198911,4,0.999999993708721
ENSG00000140830,5,0.9993719632137784
ENSG00000142405,0,0.9999998943684946
ENSG00000182923,5,0.9809768845555608
ENSG00000127951,0,0.9999380302132287
ENSG00000111261,0,0.99999083047671
ENSG00000105205,1,0.999999976271796
ENSG00000272666,0,0.9999969087809379
ENSG00000134882,5,0.9999999999917064
ENSG00000176542,3,0.9999098834180548
ENSG00000272189,0,0.9999999991240005
ENSG00000165071,0,0.9999963254660259
ENSG00000102738,5,0.9999997216599992
ENSG00000124226,0,0.9999030134966583
ENSG00000028839,0,0.9757052719084468
ENSG00000162889,2,0.6388646280353962
ENSG00000064225,0,0.9999993651373089
ENSG00000172059,4,0.999993895482108
ENSG00000147416,0,0.9996956904772436
ENSG00000122729,0,0.999705272571311
ENSG00000255221,0,0.9988720267160651
ENSG00000234515,5,0.9758049118937844
ENSG00000113532,0,0.9159675775070761
ENSG00000205423,5,0.9999999993324016
ENSG00000260378,0,0.9995705653365762
ENSG00000136161,0,0.8913175901585624
ENSG00000196235,3,0.9686924357153134
ENSG00000204209,5,0.999996826962128
ENSG00000129515,5,0.7687658234657744
ENSG00000257242,1,0.9999933828307881
ENSG00000174125,0,0.9999925804757517
ENSG00000151883,5,0.9999999219783978
ENSG00000137500,0,0.9999799811564682
ENSG00000168610,0,0.9999937871187324
ENSG00000099783,3,0.9999986147781575
ENSG00000114209,5,0.9999909557976816
ENSG00000138035,0,0.9990155506735858
ENSG00000162222,0,0.9999964322246603
ENSG00000155827,0,0.55440625077317
ENSG00000204569,5,0.9999999731137458
ENSG00000198763,4,0.9999999317797392
ENSG00000099194,1,0.9999677667736301
ENSG00000259529,5,0.9999954171827918
ENSG00000101544,3,0.9999966372081303
ENSG00000187109,4,0.9472189647180559
ENSG00000106009,3,0.9999974053713199
ENSG00000162869,5,0.9622835424485783
ENSG00000224940,2,0.9999998815204352
ENSG00000073331,5,0.9999405217292208
ENSG00000179869,2,0.999727230856731
ENSG00000270820,5,0.6901660824326288
ENSG00000134996,0,0.9865266765495219
ENSG00000196415,1,0.9996480136163812
ENSG00000167513,1,0.999959870751902
ENSG00000187554,0,0.9941280503752157
ENSG00000282988,5,0.9999999999722877
ENSG00000101916,0,0.9999999313421644
ENSG00000172775,0,0.9999999991621245
ENSG00000058799,0,0.9999999991162178
ENSG00000136541,3,0.9999999999999376
ENSG00000105472,1,0.9978496116451
ENSG00000125691,1,0.9999999999999996
ENSG00000250687,5,0.9999999999998479
ENSG00000144744,5,0.9999903491079356
ENSG00000214872,0,0.9999999999999838
ENSG00000160179,5,0.9999999872525255
ENSG00000179094,4,0.515018560526041
ENSG00000125735,0,0.9994276355934891
ENSG00000101193,1,0.9981141953093512
ENSG00000163666,0,0.9999999940058084
ENSG00000126247,1,0.9999999959043746
ENSG00000235863,0,0.9999999995126636
ENSG00000081087,5,0.9998800323203768
ENSG00000069943,5,0.7982079789021571
ENSG00000175806,2,0.9948088369229555
ENSG00000135519,2,0.7130261177782057
ENSG00000002549,5,0.9993811115849631
ENSG00000283633,2,0.9997045469993141
ENSG00000135315,5,0.9991822317433257
ENSG00000139289,4,0.999852033108857
ENSG00000152422,0,0.5428131893721282
ENSG00000270276,0,0.9999013217156894
ENSG00000141002,1,0.5671508180874499
ENSG00000145868,0,0.9896992909277055
ENSG00000169245,0,0.9979038746348564
ENSG00000136527,3,0.9953529734096828
ENSG00000272419,0,0.9160712146387541
ENSG00000172493,0,0.9968748404007642
ENSG00000133101,0,0.9999983726997146
ENSG00000125510,5,0.9999795213191849
ENSG00000239839,2,0.9999999382491074
ENSG00000164609,0,0.999999999999901
ENSG00000162704,0,0.9999724362724927
ENSG00000159479,5,0.8776135400205916
ENSG00000102225,4,0.9999999999994791
ENSG00000274677,1,0.9998285100296543
ENSG00000103671,5,0.9969172316500458
ENSG00000072274,3,0.9537241346991714
ENSG00000143753,0,0.9999999995424846
ENSG00000285639,4,0.9840966542827806
ENSG00000175130,1,0.9327992677292901
ENSG00000110048,3,0.9999999998039926
ENSG00000176014,4,0.9854705232662465
ENSG00000065978,1,0.695658791257918
ENSG00000127564,1,0.9999999993950277
ENSG00000052749,1,0.99896429614475
ENSG00000130766,4,1.0
ENSG00000185973,5,0.9874809072394582
ENSG00000162600,5,0.9992985306981544
ENSG00000136371,0,0.9999999993054467
ENSG00000138449,0,0.7569317940625138
ENSG00000115109,0,0.94256620233868
ENSG00000140525,3,0.9994088686317052
ENSG00000182022,5,0.780440636884316
ENSG00000076984,1,0.9999205719986012
ENSG00000146083,4,0.9999999257853014
ENSG00000184432,5,0.9999999635233241
ENSG00000079257,5,0.9999999411978967
ENSG00000258289,0,0.9999857707766072
ENSG00000130640,4,0.9999784149958748
ENSG00000101421,1,0.9874824859796206
ENSG00000153786,2,0.9995867334324746
ENSG00000214975,0,0.9999836144658771
ENSG00000150527,5,0.5546271487000786
ENSG00000115947,5,0.9999879719010609
ENSG00000068366,5,0.9916271911807549
ENSG00000101236,0,0.9999999999784916
ENSG00000065809,1,0.9999999995161046
ENSG00000111837,5,0.9999999999789364
ENSG00000007392,4,0.7093525374035329
ENSG00000136827,0,0.9999837647438352
ENSG00000111321,0,0.999758538005996
ENSG00000088833,0,0.9997047012731582
ENSG00000005961,1,0.9999916305345685
ENSG00000123130,0,0.9940993646592894
ENSG00000224152,0,0.9999917905020165
ENSG00000138942,0,0.9956815452371638
ENSG00000124107,1,0.9949905188832344
ENSG00000149516,2,0.9999992892018444
ENSG00000116786,4,0.8658679824141216
ENSG00000171928,0,0.9999998345252116
ENSG00000121060,0,0.9999999999827958
ENSG00000197208,0,0.9998962440244978
ENSG00000005483,5,0.9997636732720109
ENSG00000167460,1,0.9998302386845646
ENSG00000134255,5,0.999980950205643
ENSG00000010671,5,0.9999999999995242
ENSG00000213923,4,0.9999983820557553
ENSG00000115155,5,0.9999999995404361
ENSG00000126351,4,0.9999995962399033
ENSG00000169762,4,0.9979397980642981
ENSG00000079432,4,0.999141507156581
ENSG00000153029,0,0.7080704558594498
ENSG00000137207,0,0.9999826790896889
ENSG00000147684,1,0.943333093402511
ENSG00000115604,0,0.9999984883829608
ENSG00000151657,0,0.9999998030035866
ENSG00000198901,4,0.9999988237943983
ENSG00000163527,3,0.9435596660882615
ENSG00000253214,0,0.9999999999999534
ENSG00000175505,4,0.673384366485189
ENSG00000138411,0,0.9999645475077762
ENSG00000154589,0,0.9999991485272144
ENSG00000254449,0,0.9999862921835954
ENSG00000102317,3,0.999999999999746
ENSG00000067225,1,0.9917994343233267
ENSG00000169976,1,0.9999999999993521
ENSG00000125652,1,0.9999998632089108
ENSG00000139679,0,0.9999993167651259
ENSG00000167671,1,0.9999934701420009
ENSG00000177191,0,0.9299770912032689
ENSG00000224470,4,0.770412557446575
ENSG00000164002,0,0.9999429603228792
ENSG00000130726,1,0.9999999996698485
ENSG00000181481,5,0.9999999212515913
ENSG00000124469,2,0.9999970802979297
ENSG00000164168,5,0.9999666281498765
ENSG00000172007,0,0.9999996550116022
ENSG00000158636,5,0.9938345981624684
ENSG00000108828,1,0.9999999999999749
ENSG00000198712,1,0.9801965074479672
ENSG00000115459,5,0.99996203422914
ENSG00000090924,3,0.9999987721022237
ENSG00000171700,0,0.9999998745496117
ENSG00000104375,0,0.9948735937395318
ENSG00000038274,5,0.9999999991528592
ENSG00000144306,5,0.9132376374701723
ENSG00000105698,1,0.9999999999928797
ENSG00000132669,0,0.9999998449615298
ENSG00000105323,4,0.9998368980687515
ENSG00000173465,4,0.9486560842575137
ENSG00000100342,0,0.9999849628696382
ENSG00000163510,5,0.9999999999992644
ENSG00000263766,0,0.9999995668527146
ENSG00000115935,0,0.9999845622383835
ENSG00000162777,5,0.9510234029641741
ENSG00000099381,4,0.9999963424415779
ENSG00000256928,1,0.9991746625260057
ENSG00000141522,1,0.7560750613736826
ENSG00000183955,1,0.9999903354406241
ENSG00000127481,4,0.9999135775445158
ENSG00000166527,0,0.9999999999742075
ENSG00000105085,4,0.9999955277078308
ENSG00000184545,4,0.5530450740853171
ENSG00000095932,2,0.9903744610707113
ENSG00000109519,4,0.8826888205183674
ENSG00000108651,5,0.9989831798424111
ENSG00000095383,0,0.991961083688411
ENSG00000146476,5,0.9999964338105222
ENSG00000103495,1,0.999995434236102
ENSG00000165181,0,0.9999847555831992
ENSG00000174132,5,0.972929455807094
ENSG00000101347,0,0.9999998972999201
ENSG00000204713,0,0.9999999997814444
ENSG00000119318,1,0.9999999984219989
ENSG00000172432,5,0.9999999984225834
ENSG00000228278,2,0.9983878980607108
ENSG00000133104,0,0.9999999999510665
ENSG00000114316,0,0.9999186697843108
ENSG00000204681,1,0.9996397210160217
ENSG00000155097,0,0.9691906348370516
ENSG00000168556,4,1.0
ENSG00000168918,0,0.6014653633852807
ENSG00000136950,3,0.8877164154898317
ENSG00000152117,4,0.5731871220591459
ENSG00000107290,0,0.9967668998024014
ENSG00000113303,0,0.999999997081686
ENSG00000269968,2,0.99327294320545
ENSG00000090339,3,0.9999310122473265
ENSG00000164047,2,0.9900013780754816
ENSG00000258928,1,0.9999999931169345
ENSG00000003402,0,0.9999999999999882
ENSG00000204136,2,0.9925655740083597
ENSG00000008438,2,0.9998871774456463
ENSG00000170006,5,0.9999960940944049
ENSG00000120656,5,0.9997072949716624
ENSG00000089685,1,0.9999999525559735
ENSG00000137806,5,0.999162672054439
ENSG00000136560,5,0.9999030785828238
ENSG00000112304,0,0.6886946209547862
ENSG00000204427,0,0.9782853592986899
ENSG00000141582,1,0.9999749527127331
ENSG00000225973,0,0.9999460290068997
ENSG00000196313,3,0.9999999999998723
ENSG00000186594,1,0.9999984406641981
ENSG00000104343,0,0.8981613266673014
ENSG00000189050,5,0.9999999999791347
ENSG00000103257,3,0.9997352650872361
ENSG00000022277,0,0.9999999988507142
ENSG00000177697,2,0.7112008931930122
ENSG00000159885,5,0.9991780516738794
ENSG00000198695,1,0.9999983926770937
ENSG00000143537,4,0.9997888257708911
ENSG00000086548,2,0.9999947875639132
ENSG00000116701,0,0.9999999999954188
ENSG00000168300,5,0.6001106979462092
ENSG00000245958,5,0.9999419037862881
ENSG00000167962,4,0.9998964999605157
ENSG00000246263,0,0.9999999999999085
ENSG00000231551,0,0.7726933928452838
ENSG00000278022,2,0.9769485207599911
ENSG00000196209,0,0.8555910704273999
ENSG00000117676,0,0.99999999376044
ENSG00000060138,1,0.9998507017927227
ENSG00000007255,1,0.9999999673453037
ENSG00000267607,4,0.9997851039972041
ENSG00000225339,4,0.9999765335342923
ENSG00000158411,5,0.9993946487906218
ENSG00000054967,1,0.9999999999751457
ENSG00000132141,3,0.9999999845805085
ENSG00000176390,5,0.9934822167265162
ENSG00000279416,4,0.9814386513047704
ENSG00000238160,0,0.9996974135227961
ENSG00000142089,0,0.9844720763946475
ENSG00000255337,0,0.9958272703828492
ENSG00000187764,0,0.9999553515718763
ENSG00000082996,0,0.9999999897844066
ENSG00000254685,0,0.9999993874412978
ENSG00000165102,1,0.999999997756529
ENSG00000168066,4,0.9999993679460772
ENSG00000168961,0,0.9999851932913085
ENSG00000153234,3,0.999999999999998
ENSG00000112624,5,0.9999997778677399
ENSG00000073614,5,0.9898052726166616
ENSG00000168769,5,0.999955919311871
ENSG00000152291,2,0.998810034730858
ENSG00000167461,0,0.9993248494099257
ENSG00000255092,1,0.9996737814149422
ENSG00000204839,2,0.9609424776282189
ENSG00000204178,4,0.9999567816790399
ENSG00000156802,3,0.7795594230947895
ENSG00000205937,4,0.999999860904734
ENSG00000089157,4,0.9999996753316579
ENSG00000155099,0,0.5841621630073386
ENSG00000120705,4,0.9999242402771285
ENSG00000166750,5,0.9998313362094345
ENSG00000142534,1,0.9999999999974951
ENSG00000229456,1,0.9999999981690229
ENSG00000140464,0,0.8852387515882937
ENSG00000100368,5,0.9439691353449011
ENSG00000176170,3,0.8969605869516951
ENSG00000196139,5,0.9998875062923391
ENSG00000073969,5,0.9520708045162377
ENSG00000235027,1,0.9997090546653621
ENSG00000173535,0,0.9999962402061263
ENSG00000145425,1,0.9746614911162202
ENSG00000161277,5,0.9999999999991378
ENSG00000169891,5,0.9993102505324991
ENSG00000159256,0,0.9174053225533569
ENSG00000104081,4,0.9255409168733048
ENSG00000198964,5,0.9981242011373703
ENSG00000166801,5,0.9980330605953339
ENSG00000172243,0,0.9979721615569012
ENSG00000143387,3,0.9998336905212496
ENSG00000147604,4,0.9223696912815122
ENSG00000120899,0,0.9999999995530198
ENSG00000130164,3,0.9824509764194302
ENSG00000118197,5,0.9999999999288907
ENSG00000142937,4,0.9996130173177605
ENSG00000257433,0,0.9999985753179805
ENSG00000185624,3,0.5507676019308806
ENSG00000160223,4,0.9999999603140648
ENSG00000131747,1,0.9998290510968768
ENSG00000151364,5,0.9151167185711385
ENSG00000112584,5,0.9999999997768703
ENSG00000230732,4,0.9999999985793464
ENSG00000007968,4,0.9999999999468512
ENSG00000108788,5,0.9493299829227314
ENSG00000229314,2,0.9999993485766956
ENSG00000278311,1,0.99988966391689
ENSG00000154642,5,0.9988329321859916
ENSG00000120217,5,0.996915558037699
ENSG00000026103,5,0.9999999999987632
ENSG00000080546,3,0.9999821950147981
ENSG00000287216,0,0.9999620666801121
ENSG00000090372,3,0.6156949126371075
ENSG00000112053,0,0.9999999986981274
ENSG00000249709,5,0.9999997496573962
ENSG00000131931,5,0.9999697152243991
ENSG00000244617,0,0.9999720083023281
ENSG00000169252,5,0.9999999998837601
ENSG00000105778,5,0.9999604411283954
ENSG00000076685,0,0.999992182546935
ENSG00000267655,4,0.9999999999744364
ENSG00000136250,5,0.9999999999578213
ENSG00000169155,3,0.9999996429710487
ENSG00000112195,0,0.9999807494678304
ENSG00000133169,2,0.9999969358358267
ENSG00000126858,5,0.6568268014367926
ENSG00000203705,5,0.9999999949455656
ENSG00000141985,1,0.9999999847351697
ENSG00000161888,1,0.9999958104707196
ENSG00000175471,0,0.9999700061310483
ENSG00000204438,5,0.786660275384739
ENSG00000108244,5,0.9999644355745929
ENSG00000177917,0,0.9848301573387959
ENSG00000113296,1,0.9991374361011054
ENSG00000186716,4,0.9999992037876713
ENSG00000279283,1,0.9990504798573575
ENSG00000161835,1,0.9977826604715879
ENSG00000143933,0,0.9999999999936051
ENSG00000227032,0,0.9999981234218501
ENSG00000099998,1,0.9999990376966038
ENSG00000115310,2,0.9999999938063675
ENSG00000111328,1,0.9996357746321395
ENSG00000112851,5,0.99996970417619
ENSG00000185905,0,0.9999999998833482
ENSG00000278330,4,0.9999999822330655
ENSG00000072694,0,0.9999253880074541
ENSG00000087087,4,0.9902967921775978
ENSG00000100815,5,0.9999999998994351
ENSG00000169100,4,0.9999999822783213
ENSG00000137814,4,0.5668953918864797
ENSG00000287878,4,0.9999780427613586
ENSG00000160741,4,0.9995439848500546
ENSG00000113732,0,0.9985256177634791
ENSG00000078081,0,0.9999950720268553
ENSG00000023318,5,0.9999999944121085
ENSG00000101425,2,0.9999999670424744
ENSG00000168591,5,0.9838617780652241
ENSG00000266962,5,0.9999988446963275
ENSG00000138835,0,0.743156969903762
ENSG00000174796,5,0.9999968951281077
ENSG00000260032,4,0.5680572383921271
ENSG00000162430,4,0.8458080862713521
ENSG00000148773,4,0.9999999999999984
ENSG00000110400,2,0.9999941077531146
ENSG00000197622,5,0.9993927727049563
ENSG00000186792,1,0.9596942241985797
ENSG00000104687,4,0.9999999963057382
ENSG00000251441,5,0.999999972596593
ENSG00000164305,0,0.9999999991924717
ENSG00000073169,1,0.9999995069779856
ENSG00000112759,1,0.9865238672653363
ENSG00000137818,1,0.9999873418585076
ENSG00000204386,5,0.9999999960361421
ENSG00000149658,4,0.9999979024364387
ENSG00000228363,1,0.9999999999999996
ENSG00000182473,5,0.9999154582906788
ENSG00000188735,4,0.9999454781460668
ENSG00000154146,1,0.9999999200839991
ENSG00000245060,0,0.9999999999668521
ENSG00000280832,0,0.9999313619000182
ENSG00000113368,0,0.999701362286807
ENSG00000189403,1,0.9999630594514249
ENSG00000244482,5,0.9593574682505515
ENSG00000162819,5,0.9998678095650068
ENSG00000175518,0,0.9999990903941747
ENSG00000164626,1,0.997231448949113
ENSG00000265681,1,0.8160299769100395
ENSG00000135723,4,0.9908836175265493
ENSG00000182196,1,0.9999999999945972
ENSG00000243797,0,0.9999999999996143
ENSG00000163682,4,0.8998887828102285
ENSG00000197798,5,0.9991167902442513
ENSG00000229515,0,0.9978193978665372
ENSG00000057757,1,0.9999959610241764
ENSG00000163848,5,0.9999991118816287
ENSG00000232956,3,0.958933653360522
ENSG00000144589,1,0.9966008557128374
ENSG00000244045,0,0.9974508346633274
ENSG00000168995,5,0.999994943267509
ENSG00000117305,5,0.9769860855034149
ENSG00000241764,0,0.5782533542414122
ENSG00000055163,4,0.9993434002271898
ENSG00000082898,0,0.9996489943954812
ENSG00000080503,3,0.9999976533048333
ENSG00000205302,0,0.895119067485468
ENSG00000204103,4,0.6948438017645808
ENSG00000177084,1,0.9999999955936658
ENSG00000070444,4,0.8367702123276181
ENSG00000106636,1,0.991414034410127
ENSG00000204267,0,0.9584782322963287
ENSG00000128872,0,0.9981604056210008
ENSG00000110344,5,0.9999995824884838
ENSG00000197653,1,0.9999362531260556
ENSG00000180773,2,0.9999889604111865
ENSG00000177576,5,0.9999778554130877
ENSG00000124228,4,0.9999998064395682
ENSG00000110697,1,0.999960717266003
ENSG00000100664,3,0.9999999592519323
ENSG00000135404,2,0.9997462558333072
ENSG00000132010,0,0.9999999999713058
ENSG00000204815,1,0.9999999999653504
ENSG00000182347,5,0.8694062685733179
ENSG00000099785,2,0.9472252453867508
ENSG00000225963,0,0.9999999999998295
ENSG00000108518,2,0.9999480759594642
ENSG00000124201,0,0.9999999978352099
ENSG00000157014,4,0.9999947080287983
ENSG00000162946,5,0.9999986710755832
ENSG00000175390,4,0.9999999718353848
ENSG00000120949,0,0.9986816731138114
ENSG00000129911,1,0.5772104449403423
ENSG00000167508,4,0.999999999999934
ENSG00000228253,1,0.6885285776977005
ENSG00000120868,0,0.9978865723173213
ENSG00000132581,0,0.9721645019668833
ENSG00000272888,1,0.9999999981248906
ENSG00000223935,0,0.999996432300513
ENSG00000171681,5,0.9999999999673654
ENSG00000116260,2,0.9999994296479444
ENSG00000130734,1,0.9999999983000241
ENSG00000189180,0,0.9999999758054477
ENSG00000228716,1,0.999447661636953
ENSG00000126432,2,0.989745750544576
ENSG00000148248,3,0.9999930353450641
ENSG00000123091,1,0.999999999980322
ENSG00000188761,2,0.999650252185911
ENSG00000267007,1,0.9955840855410372
ENSG00000144283,2,0.9999638326033197
ENSG00000088298,5,0.9999999385254379
ENSG00000145723,5,0.9999999999949987
ENSG00000279700,4,0.9998363484148761
ENSG00000286588,1,0.9994568109099385
ENSG00000165949,5,0.9988262686995267
ENSG00000169372,5,0.9996642302757481
ENSG00000075420,5,0.9991537928596774
ENSG00000172183,0,0.9996852013629381
ENSG00000085514,0,0.9987190271414299
ENSG00000172071,3,0.9999999999336073
ENSG00000161638,0,0.9999999954016825
ENSG00000183172,1,0.9999979071529654
ENSG00000112855,5,0.9999996946410521
ENSG00000126062,5,0.9997291315140789
ENSG00000113013,3,0.999999999610633
ENSG00000117394,4,0.6423791797903196
ENSG00000122406,4,0.9999997362202749
ENSG00000249396,0,0.9999993487093234
ENSG00000180071,1,0.9884307729838807
ENSG00000143612,5,0.6961146498728011
ENSG00000164587,1,0.9994784679211275
ENSG00000198786,4,0.999995261019998
ENSG00000273036,1,0.9999982235882421
ENSG00000140988,1,0.9999997138846343
ENSG00000067606,5,0.9993531708622727
ENSG00000129038,1,0.5717306498843377
ENSG00000232442,1,0.9999741674638446
ENSG00000070495,1,0.8746922530340645
ENSG00000178988,5,0.9999999999999103
ENSG00000187626,5,0.9999999898035531
ENSG00000141968,5,0.9991875496113672
ENSG00000124098,1,0.9998420612942408
ENSG00000117616,5,0.9998858023797579
ENSG00000174444,4,0.9999999962768891
ENSG00000124614,1,1.0
ENSG00000058272,0,0.9933983641034452
ENSG00000113312,0,0.999998784790617
ENSG00000169397,2,0.9999999987140589
ENSG00000163798,0,0.9999967846060112
ENSG00000149273,4,0.9999999999996283
ENSG00000104331,4,0.833948200286032
ENSG00000119969,4,0.9912070754594352
ENSG00000125835,4,0.999999999965725
ENSG00000168724,4,0.9999999999999853
ENSG00000165046,5,0.9985032927283769
ENSG00000133250,1,0.9999862515337471
ENSG00000106263,4,0.9998525532726219
ENSG00000123700,5,0.9086161244536303
ENSG00000133961,0,0.9999999786379354
ENSG00000186468,1,0.9996483019693229
ENSG00000222047,1,0.9998778603469597
ENSG00000104894,0,0.9999950266331811
ENSG00000160014,1,0.9997401227532385
ENSG00000087460,1,0.8557592470740403
ENSG00000120875,1,0.9998028155778699
ENSG00000155868,5,0.9997917400196327
ENSG00000148634,0,0.9999392609237167
ENSG00000234545,4,0.999695357581361
ENSG00000119844,5,0.9991640911757651
ENSG00000100417,1,0.9690179489531846
ENSG00000162645,0,0.8410195492642877
ENSG00000249138,2,0.9999999999999938
ENSG00000168028,4,0.9999740722277918
ENSG00000111790,5,0.9999999999998817
ENSG00000153250,0,0.9960548807193609
ENSG00000144668,2,0.9333776057769659
ENSG00000170801,2,0.9999980117707721
ENSG00000077147,3,0.9844816672894258
ENSG00000081791,1,0.9998932868309454
ENSG00000100926,5,0.9999854016985181
ENSG00000109270,0,0.9812877371953693
ENSG00000172578,5,0.9999999999993714
ENSG00000084207,1,0.9999976773148408
ENSG00000173726,3,0.9538107704356802
ENSG00000257285,0,0.9988388153711415
ENSG00000163660,3,0.9985772939921674
ENSG00000280734,0,0.9994844625460965
ENSG00000177981,5,0.9999999999996092
ENSG00000287131,0,0.9999999999992539
ENSG00000171860,5,0.9999999999997857
ENSG00000170638,4,0.9932930776399087
ENSG00000274536,0,0.9888600019095606
ENSG00000153767,0,0.9999983376078854
ENSG00000029993,4,0.9999867394980849
ENSG00000233646,0,0.7209462983468887
ENSG00000272391,4,0.999165666872842
ENSG00000120051,0,0.9936230324170878
ENSG00000229124,0,0.9999999999992206
ENSG00000169612,0,0.9999948534629552
ENSG00000142327,1,0.9932762629052053
ENSG00000158517,0,0.9993662954170778
ENSG00000225492,0,0.9997064851388212
ENSG00000003756,5,0.5197745883188746
ENSG00000272916,4,0.999971792649534
ENSG00000183018,2,0.9986797304213331
ENSG00000110934,0,0.9565843280701934
ENSG00000220205,1,0.6792157104479128
ENSG00000137200,5,0.9692630376331721
ENSG00000135365,0,0.9999999999248332
ENSG00000103194,0,0.9999002836011126
ENSG00000161905,4,0.9701038618438385
ENSG00000122026,4,0.8883835613356007
ENSG00000116266,5,0.9998960432121968
ENSG00000151148,5,0.9999999999198916
ENSG00000145817,5,0.9932155014315036
ENSG00000268500,0,0.8861118586262717
ENSG00000127954,0,0.9999999765222619
ENSG00000114315,3,0.9246226392495278
ENSG00000140396,5,0.999882149156365
ENSG00000129351,3,0.9999999557766615
ENSG00000149823,4,0.9999999811005905
ENSG00000112576,0,0.9999959464086839
ENSG00000173039,4,0.9999877029399714
ENSG00000279339,2,0.9859229983471096
ENSG00000158050,4,0.9999999999997631
ENSG00000198189,0,0.9998513416869061
ENSG00000168710,1,0.9981429226540453
ENSG00000223629,2,0.9997675571773778
ENSG00000131446,0,0.9998874448906816
ENSG00000159086,4,0.9998192292207423
ENSG00000260228,0,0.9989937061638889
ENSG00000272821,0,0.9934016972452423
ENSG00000124356,5,0.7918015224610094
ENSG00000179562,5,0.9989752635393758
ENSG00000174010,3,0.9996812283014627
ENSG00000100811,1,0.9999985883592534
ENSG00000070423,4,0.9999983425776563
ENSG00000283646,2,0.999411899853722
ENSG00000092871,5,0.9999417605713318
ENSG00000144118,0,0.9999998831446361
ENSG00000270149,0,0.9999985330212957
ENSG00000213064,4,0.6384473970327542
ENSG00000171051,0,0.9998684341811851
ENSG00000186918,4,0.9999999509914637
ENSG00000224950,0,0.9999989506774527
ENSG00000173320,2,0.9999999558429891
ENSG00000065618,2,0.9998143425033738
ENSG00000156508,4,0.9659701205163796
ENSG00000137656,5,0.9999945773020877
ENSG00000160271,3,0.9999999998578035
ENSG00000155629,0,0.9999660154003281
ENSG00000130881,2,0.9988392501741197
ENSG00000062725,0,0.9999581407121162
ENSG00000182957,5,0.9999997135393753
ENSG00000099875,1,0.9999999988977961
ENSG00000182378,1,0.9999999964025916
ENSG00000144848,0,0.6621098928993717
ENSG00000132475,0,0.999477206845621
ENSG00000286245,4,0.9999998320306327
ENSG00000185043,2,0.8876180739143185
ENSG00000232748,2,0.7088823252916916
ENSG00000174243,5,0.9996552103291894
ENSG00000162783,3,0.9999999999998561
ENSG00000112941,3,0.9939303827015543
ENSG00000166454,4,0.9998879852216783
ENSG00000180667,1,0.9999993317400575
ENSG00000141759,1,0.9999999986284065
ENSG00000029363,3,0.9988997691925685
ENSG00000144048,5,0.9999999938221382
ENSG00000130340,1,0.9999409196824607
ENSG00000177000,3,0.9941177066081615
ENSG00000228382,0,0.9999920115687159
ENSG00000129450,0,0.9999989800014194
ENSG00000121022,0,0.7582808717780566
ENSG00000146373,2,0.9998918340750891
ENSG00000059728,0,0.9999987798230214
ENSG00000147592,0,0.9999998383237442
ENSG00000204619,0,0.9996326883998315
ENSG00000109133,5,0.9999995421422487
ENSG00000180316,5,0.998033833027393
ENSG00000136867,0,0.9997172093504549
ENSG00000167615,1,0.9999999999999625
ENSG00000101412,4,0.9999999990996469
ENSG00000124688,0,0.9998058308920643
ENSG00000161016,4,0.9999999997764373
ENSG00000100941,1,0.9668181162882497
ENSG00000121807,0,0.9999993682421376
ENSG00000154359,3,0.807671910856641
ENSG00000107560,3,0.9999956828414109
ENSG00000101040,5,0.9973757183453675
ENSG00000074370,4,0.9999999999999685
ENSG00000108590,5,0.9994297070752717
ENSG00000204389,0,0.9917337996812778
ENSG00000228318,0,0.9999523423309512
ENSG00000182400,5,0.9999999993619175
ENSG00000090621,4,1.0
ENSG00000169446,4,0.9998187992015585
ENSG00000107968,4,0.9999999984562435
ENSG00000165782,2,0.9999125086989623
ENSG00000240053,1,0.910128130987998
ENSG00000198517,4,0.9949886267397093
ENSG00000184897,2,0.9748489285357144
ENSG00000241685,0,0.999999859607863
ENSG00000124659,0,0.9682341821355066
ENSG00000114302,2,0.9633925323771139
ENSG00000130517,4,0.9999999999952556
ENSG00000174231,3,0.999407456059051
ENSG00000107554,1,0.999993248797042
ENSG00000119392,5,0.9999999884162797
ENSG00000278949,1,0.9999984682297036
ENSG00000138413,0,0.8174663608181878
ENSG00000280194,4,1.0
ENSG00000273247,0,0.9997726327161478
ENSG00000069509,5,0.9829557068324096
ENSG00000204525,5,0.9968374478550169
ENSG00000072778,4,0.9999999977838065
ENSG00000163235,0,0.9746816395062515
ENSG00000135966,4,0.999999999948963
ENSG00000165115,0,0.6517559108863908
ENSG00000196369,5,0.617929626933643
ENSG00000149346,0,0.8686085030515492
ENSG00000203747,0,0.9999917174095668
ENSG00000225697,2,0.999878804482304
ENSG00000183684,1,0.9999540071710511
ENSG00000105939,0,0.999998570326335
ENSG00000147804,1,0.9826945328423216
ENSG00000156052,2,0.9999976663278969
ENSG00000114942,4,0.9999496383201719
ENSG00000212907,4,0.9638154182260626
ENSG00000179295,3,0.9826683234843965
ENSG00000103035,4,0.9999993416395743
ENSG00000121671,3,0.9999999607165009
ENSG00000239948,2,0.9988419233035425
ENSG00000162676,2,0.9999999510494835
ENSG00000198168,1,0.9916537668281042
ENSG00000107736,5,0.9999999922354591
ENSG00000170776,0,0.9961282481651079
ENSG00000143226,0,0.9999999995178204
ENSG00000183049,1,0.9999999826379001
ENSG00000154767,5,0.9999961066771749
ENSG00000205707,5,0.9999940943824677
ENSG00000163930,3,0.9886540501554798
ENSG00000166446,1,1.0
ENSG00000181315,5,0.9988434469235383
ENSG00000070404,1,0.999999998549471
ENSG00000196642,1,0.9999628240721349
ENSG00000145332,0,0.7350113587902903
ENSG00000143575,5,0.9999914228180518
ENSG00000173391,2,0.9999478101553444
ENSG00000274020,0,0.9999540558047963
ENSG00000166147,1,0.9999999999999969
ENSG00000136802,4,0.9999995486408634
ENSG00000226648,1,0.9063056454691715
ENSG00000103642,4,0.9999599904964181
ENSG00000221909,0,0.9926251803487751
ENSG00000161204,1,0.9987560353168302
ENSG00000115073,4,0.9999994723739389
ENSG00000100836,2,0.695814208664212
ENSG00000092020,0,0.999999928029563
ENSG00000110446,4,0.9999933475977573
ENSG00000205189,3,0.9999999993307229
ENSG00000101336,0,0.992239807332452
ENSG00000198689,3,0.9999999993764126
ENSG00000128585,5,0.99999988516657
ENSG00000176095,5,0.994047885306485
ENSG00000101577,0,0.9999988746457901
ENSG00000177600,1,0.9999999977192975
ENSG00000109475,1,0.999214204612155
ENSG00000071242,2,0.9905440146102044
ENSG00000096968,5,0.9999999995613684
ENSG00000095574,3,0.999879284721165
ENSG00000173545,5,0.9994888984086712
ENSG00000063046,3,0.8421894829080564
ENSG00000134077,3,0.8322420747844023
ENSG00000030110,5,0.9999999999998384
ENSG00000171204,5,0.999999738722568
ENSG00000249915,0,0.9999999409942798
ENSG00000141258,3,0.9970578400017258
ENSG00000109113,4,0.9999999999999987
ENSG00000116251,1,0.9999912041530729
ENSG00000163312,5,0.9999979230439754
ENSG00000163399,3,0.9999999999999911
ENSG00000163297,5,0.9999989130903558
ENSG00000104412,5,0.5576678239487386
ENSG00000260078,0,0.9841962197530381
ENSG00000101335,1,0.9730552144803256
ENSG00000066455,5,0.9997576247601416
ENSG00000157450,5,0.9999180106031526
ENSG00000170779,4,0.9991639616409911
ENSG00000151726,5,0.9037087896924578
ENSG00000162910,4,0.9999999999791855
ENSG00000125637,5,0.983585900045521
ENSG00000162654,0,0.9505944695964886
ENSG00000131469,1,0.999978356177183
ENSG00000109458,5,0.9999413915166763
ENSG00000250317,5,0.9991891464241532
ENSG00000110700,1,0.9999895674832597
ENSG00000260465,1,0.9274057313123332
ENSG00000074416,1,0.8013380326107948
ENSG00000285693,0,0.9970772914113523
ENSG00000198918,1,0.9987100056286393
ENSG00000117834,0,0.9999996182411505
ENSG00000179832,4,0.9999820385129337
ENSG00000259712,3,0.9999999999987439
ENSG00000141179,0,0.6253008911395802
ENSG00000249274,0,0.9587329826229997
ENSG00000171862,5,0.9999993614871459
ENSG00000092036,0,0.8930435043670377
ENSG00000198399,0,0.9999999999998894
ENSG00000137409,1,0.9999999999410452
ENSG00000241973,4,0.9999999999982216
ENSG00000176953,1,0.9596182629502814
ENSG00000132801,0,0.9974251480243957
ENSG00000148303,4,0.9999998948375322
ENSG00000001167,5,0.9999948531186039
ENSG00000105402,5,0.9998559041379605
ENSG00000102837,2,0.9353754311959738
ENSG00000197054,0,0.9999999733810865
ENSG00000173597,0,0.9999982210553254
ENSG00000122966,1,0.9999999999999991
ENSG00000243477,4,0.9999860290164989
ENSG00000143947,1,0.8442579341007269
ENSG00000147155,1,0.6942559055495456
ENSG00000010270,0,0.9993122532854943
ENSG00000075415,3,0.9681851081105921
ENSG00000174738,3,0.9999755500685026
ENSG00000215114,0,0.999695760964219
ENSG00000198814,0,0.9999983741137427
ENSG00000106617,0,0.9968338209284038
ENSG00000226067,0,0.9959159409772054
ENSG00000154370,2,0.9937479127240394
ENSG00000113119,5,0.9999670385500311
ENSG00000160226,4,0.9999999999999962
ENSG00000196778,0,0.9999999999785731
ENSG00000103365,3,0.9999983911189844
ENSG00000114982,4,0.9999999970347269
ENSG00000165195,3,0.9997378467323518
ENSG00000155957,0,0.9999999772955029
ENSG00000159579,5,0.9996508034948294
ENSG00000067836,2,0.9999977175078225
ENSG00000108819,4,0.9931961109466302
ENSG00000196924,3,0.999539277187369
ENSG00000118579,0,0.9999999837829707
ENSG00000025800,3,0.9999999548773699
ENSG00000006118,3,0.8713684874940921
ENSG00000231233,0,0.9430444151261133
ENSG00000279977,1,0.9922730918870933
ENSG00000097033,0,0.9942978211670058
ENSG00000183625,5,0.9571629507300821
ENSG00000197062,5,0.9999977559300822
ENSG00000177595,4,0.9999994362529595
ENSG00000187147,1,0.6254717943750537
ENSG00000167393,1,0.9999883632962184
ENSG00000184207,1,0.9908386955518447
ENSG00000116871,1,0.5642925683315159
ENSG00000288302,2,0.998979186660326
ENSG00000171848,1,0.99999987467529
ENSG00000169919,4,0.9999747372864731
ENSG00000166508,3,0.959281530774391
ENSG00000286940,0,0.9997374737410434
ENSG00000168488,3,0.9999321642108868
ENSG00000287713,0,0.9999910189348896
ENSG00000149792,5,0.9990806382095153
ENSG00000224789,0,0.9988805948604634
ENSG00000225828,4,0.9999017306002745
ENSG00000088247,4,0.9996499481884703
ENSG00000114745,5,0.9999563304785203
ENSG00000265531,0,0.6553340492328196
ENSG00000130522,1,0.9999965737822414
ENSG00000115762,4,0.99999868878461
ENSG00000264772,4,0.9970468111178262
ENSG00000105643,4,0.9999884236113283
ENSG00000160446,0,0.9999999998051425
ENSG00000079313,4,0.8581899055567251
ENSG00000168288,0,0.9999998962456883
ENSG00000166483,1,0.9840812552303269
ENSG00000137154,4,0.9999999999819744
ENSG00000137462,0,0.9999970778696349
ENSG00000071626,4,0.9999905773251856
ENSG00000117153,5,0.99989644096947
ENSG00000187257,0,0.9999611438557717
ENSG00000160218,4,0.7494223642858517
ENSG00000184992,1,0.9999999999999958
ENSG00000146535,4,0.6494414381452862
ENSG00000114857,3,0.9999999948131439
ENSG00000163710,2,0.984262623356509
ENSG00000101596,0,0.9999988193856263
ENSG00000131981,4,0.9999999999970584
ENSG00000136051,5,0.9999666699155356
ENSG00000185619,4,0.9999915680554412
ENSG00000231123,0,0.9999951692534013
ENSG00000140280,5,0.9998786095614551
ENSG00000181649,3,0.9999999955722587
ENSG00000187475,0,0.9999999999964608
ENSG00000103313,0,0.9998909105959819
ENSG00000272273,4,0.9527521039362183
ENSG00000259207,1,0.9997589567198181
ENSG00000158457,4,0.9999330220860682
ENSG00000096006,2,0.9999349201807424
ENSG00000102145,1,0.9984722615348673
ENSG00000102796,0,0.9999999999995908
ENSG00000272106,2,0.9999994547054045
ENSG00000173660,1,0.9922433557648751
ENSG00000257052,0,0.8096336719900505
ENSG00000267648,0,0.9999992594333937
ENSG00000123505,5,0.990623871497533
ENSG00000064607,4,0.999996639954183
ENSG00000008018,1,0.9736731393803825
ENSG00000143367,5,0.9999999993818325
ENSG00000196756,3,0.9525013330812018
ENSG00000278730,4,0.9999889709919013
ENSG00000224083,5,0.9999235064665208
ENSG00000113638,5,0.6889642761442386
ENSG00000185896,2,0.9999380389541023
ENSG00000233016,1,0.9999989854695474
ENSG00000130725,2,0.9998639447728531
ENSG00000169718,4,0.9999999412080139
ENSG00000145736,0,0.9999968994209965
ENSG00000149499,4,0.8696469604052618
ENSG00000103202,1,0.9640721214418342
ENSG00000279689,1,0.9687130769114645
ENSG00000197872,5,0.9999999998731126
ENSG00000168329,5,0.9209741500510757
ENSG00000163472,0,0.9999999875019489
ENSG00000078098,5,0.9999067301786467
ENSG00000153201,3,0.9998638861676605
ENSG00000099860,3,0.9352769759932501
ENSG00000182487,0,0.9999897796033712
ENSG00000197780,2,0.9999998484089329
ENSG00000283486,1,0.9283845044276344
ENSG00000174353,1,0.6487238420294057
ENSG00000141543,4,0.9999986152629033
ENSG00000152242,5,0.9999999998954863
ENSG00000113282,4,0.997348618343943
ENSG00000225889,0,0.998705938035744
ENSG00000166803,1,0.9999873459637897
ENSG00000270757,0,0.9999790111474762
ENSG00000103363,2,0.9999840855670841
ENSG00000258890,3,0.9999999987330259
ENSG00000160055,5,0.9999999985535626
ENSG00000140987,5,0.9993508101530226
ENSG00000169223,5,0.9979956212260207
ENSG00000091527,4,0.9625894381736685
ENSG00000197506,1,0.9243564649347624
ENSG00000142541,4,0.9669971184099327
ENSG00000113712,5,0.5479994138095389
ENSG00000269242,1,0.9999725233979634
ENSG00000213073,0,0.9999999991973194
ENSG00000261716,0,0.9999964310729109
ENSG00000154845,0,0.9999999999999969
ENSG00000135407,0,0.9966404896837404
ENSG00000158161,5,0.9999915217701836
ENSG00000113734,3,0.999989091524971
ENSG00000071655,1,0.5336156164483442
ENSG00000185950,2,0.9999999946944391
ENSG00000109854,0,0.999533439955084
ENSG00000206047,2,0.9999999984734669
ENSG00000230789,0,0.9997227256951993
ENSG00000130520,1,0.9999897560477833
ENSG00000049323,1,0.996044937534368
ENSG00000169714,5,0.9999995732708817
ENSG00000074319,0,0.9999998525606726
ENSG00000178982,1,0.9373244827180676
ENSG00000096060,0,0.999979993632212
ENSG00000230551,4,0.9999999998503213
ENSG00000115904,5,0.9947611675502406
ENSG00000105722,1,0.9999999991599371
ENSG00000182899,1,0.9999998795540722
ENSG00000136536,0,0.9999915551217108
ENSG00000010165,5,0.999999999999706
ENSG00000080815,0,0.9989981208778639
ENSG00000284930,0,0.9841293206817547
ENSG00000104960,2,0.8634419295957207
ENSG00000138326,1,0.9999994394586533
ENSG00000274750,0,0.9999759957982195
ENSG00000197579,0,0.9952104958348049
ENSG00000173598,1,0.9999999931941042
ENSG00000253981,0,0.9999572689095172
ENSG00000141503,4,0.820277442798623
ENSG00000004897,5,0.9999529936802836
ENSG00000143303,0,0.9971064457447899
ENSG00000178951,2,0.9538242152754173
ENSG00000166886,4,0.9999136233878134
ENSG00000214022,1,0.9947629855895842
ENSG00000130511,1,0.9999999918696484
ENSG00000197013,0,0.9999985708507838
ENSG00000203666,0,0.9999999932745427
ENSG00000176624,3,0.999999999999738
ENSG00000204564,4,0.9894093727606814
ENSG00000177700,1,0.9988155759686818
ENSG00000063177,1,0.6364519084846509
ENSG00000166839,3,0.9999999997157909
ENSG00000181523,3,0.983154711859057
ENSG00000107021,4,0.9981590950402429
ENSG00000263272,1,0.9999999997999973
ENSG00000105193,4,0.9952047646651325
ENSG00000215154,1,0.5820092255950554
ENSG00000088992,2,0.9922908834374803
ENSG00000172366,1,0.7080410756183227
ENSG00000083457,1,0.9999641168265855
ENSG00000267102,0,0.999813782073462
ENSG00000137970,4,0.9928449635148319
ENSG00000183856,1,0.72051171111872
ENSG00000259943,5,0.9998531206068013
ENSG00000198019,0,0.9999996008479158
ENSG00000065923,4,0.9985362290287445
ENSG00000156983,3,0.9979112445592869
ENSG00000126003,3,0.9929421068332198
ENSG00000100129,4,0.9999999856418775
ENSG00000133226,4,0.9704933018534014
ENSG00000109111,3,0.9998711608628001
ENSG00000182372,4,0.9999999629770775
ENSG00000237217,0,0.9999898557500612
ENSG00000121742,2,0.9998631732969726
ENSG00000196358,0,0.9999999977894856
ENSG00000272636,2,0.6864040826023621
ENSG00000146670,4,0.9997220004172118
ENSG00000161533,0,0.9883927703097415
ENSG00000108387,0,0.9999999999999967
ENSG00000151725,1,0.7194582660428489
ENSG00000162714,0,0.9998598098685492
ENSG00000133059,4,0.9989321959586268
ENSG00000234797,1,0.9999985499289816
ENSG00000151445,5,0.999908312110472
ENSG00000154957,5,0.9997633254889955
ENSG00000140463,5,0.9934217445979021
ENSG00000171456,3,0.9999912506932078
ENSG00000172301,2,0.9933573259605952
ENSG00000180902,2,0.9999127205188175
ENSG00000119707,3,0.8772180536105215
ENSG00000157554,2,0.9989245981159309
ENSG00000143851,1,0.5316074394539758
ENSG00000184887,1,0.9998503102679095
ENSG00000110237,1,0.9967028595508397
ENSG00000254838,5,0.9441071309158594
ENSG00000180644,5,0.9018710140872892
ENSG00000267491,2,0.9999999495438733
ENSG00000095139,5,0.980902079275695
ENSG00000062716,0,0.9904389509059585
ENSG00000114353,2,0.9941050177875573
ENSG00000277224,5,0.9997258802241201
ENSG00000149269,0,0.9995229057191641
ENSG00000168395,4,0.9953869389546337
ENSG00000111206,1,0.6039305696413192
ENSG00000198853,4,0.9836429615946728
ENSG00000169710,3,0.9999920199728342
ENSG00000232586,0,0.9999954283880415
ENSG00000050130,5,0.9999980360222899
ENSG00000279179,1,0.999996572131066
ENSG00000143337,0,0.9999455280810657
ENSG00000112419,0,0.9999999999987854
ENSG00000162722,4,0.9117726470469794
ENSG00000115998,0,0.8951125833483837
ENSG00000102119,4,0.999732992082326
ENSG00000219545,5,0.9958685350005035
ENSG00000111605,3,0.998087866667391
ENSG00000177706,4,0.9999999751138551
ENSG00000110768,5,0.9998652686233876
ENSG00000262370,5,0.9998536813284317
ENSG00000123349,2,0.7352017852155784
ENSG00000160325,1,0.9999752589295998
ENSG00000180549,0,0.9999999999999796
ENSG00000162736,5,0.9999999999996823
ENSG00000105327,3,0.7352269673058056
ENSG00000180758,1,0.9957531837408873
ENSG00000154978,3,0.9971845371388415
ENSG00000124151,5,0.9925730639234469
ENSG00000124762,4,0.9999999982535288
ENSG00000108599,5,0.9995479485968652
ENSG00000109756,4,1.0
ENSG00000197971,0,0.9999999999505649
ENSG00000130175,1,0.999976516691291
ENSG00000118960,0,0.9992063811427621
ENSG00000153187,3,0.9999999986307715
ENSG00000163736,2,0.9999999998420321
ENSG00000130560,4,0.9999995746002583
ENSG00000159335,2,0.9999999994155517
ENSG00000157954,4,0.9914200875373729
ENSG00000230224,1,0.9859717796398443
ENSG00000233276,2,0.9854364971164881
ENSG00000283743,0,0.9999999958328467
ENSG00000179941,5,0.9999999996476752
ENSG00000105352,5,0.9858047260047988
ENSG00000116668,5,0.9994210978417037
ENSG00000205544,1,0.9732190206576595
ENSG00000197858,4,0.99980443150441
ENSG00000198160,0,0.9982716410553133
ENSG00000235217,3,0.9990601054215472
ENSG00000286071,5,0.9999999999998535
ENSG00000166441,1,0.999996166769688
ENSG00000279738,1,0.9999999922674795
ENSG00000148331,4,0.9999995306104391
ENSG00000091106,0,0.999154854857832
ENSG00000188938,5,0.9999999999997926
ENSG00000104976,1,0.9980766346929603
ENSG00000229833,2,0.9999999885872931
ENSG00000242550,2,0.9999986141689635
ENSG00000161981,4,0.9998559044471673
ENSG00000140455,0,0.9999847483017387
ENSG00000145685,0,0.9940339056560492
ENSG00000211459,2,0.9999965384143843
ENSG00000227268,0,0.9976394773989198
ENSG00000130066,0,0.999999995613863
ENSG00000160219,0,0.9931453541105016
ENSG00000059915,3,0.9927520461581583
ENSG00000182774,4,0.863948605396217
ENSG00000048392,0,0.982780019175693
ENSG00000162664,3,0.9946994171807612
ENSG00000237135,0,0.9972057390859249
ENSG00000124145,1,0.9920142376900638
ENSG00000220842,1,0.9947788458325125
ENSG00000239998,0,0.9961567082769442
ENSG00000170684,4,0.9999995316657382
ENSG00000179010,5,0.9999999973053604
ENSG00000128309,2,0.9955040016273473
ENSG00000093000,0,0.9999971810754078
ENSG00000070501,0,0.9999995966999654
ENSG00000287839,0,0.9997695020474282
ENSG00000279811,5,0.8208368317184817
ENSG00000105325,3,0.9998515219761327
ENSG00000054116,5,0.9999999999999842
ENSG00000105755,1,0.5554802630692156
ENSG00000075702,4,0.9999701789005434
ENSG00000287644,5,0.9999942560327917
ENSG00000154889,5,0.9999997176280468
ENSG00000178694,5,0.9999488809458449
ENSG00000100906,3,0.9976895935413276
ENSG00000139083,0,0.9999824538907952
ENSG00000162971,1,0.9722892285846605
ENSG00000084073,5,0.9999999999999867
ENSG00000167202,3,0.9852022881012027
ENSG00000274383,1,0.9731944178742961
ENSG00000204590,3,0.9208657548605457
ENSG00000137812,4,0.9999920839344265
ENSG00000113749,5,0.9999999999996196
ENSG00000136295,4,0.9999999998662747
ENSG00000154124,3,0.9999999999976008
ENSG00000163644,5,0.9989949790547616
ENSG00000187741,0,0.9998986838438013
ENSG00000103266,1,0.8438047980851087
ENSG00000137876,4,0.6474661396060325
ENSG00000177683,5,0.9999995836029263
ENSG00000163412,0,0.9994251743915231
ENSG00000285851,0,0.9999493869569035
ENSG00000137880,4,0.999999999997266
ENSG00000150401,4,0.9999985117760567
ENSG00000135476,4,0.98986091272323
ENSG00000268362,4,0.998979891748501
ENSG00000138166,3,0.9999995952483958
ENSG00000198373,5,0.9672753696023506
ENSG00000176595,1,0.999999999999909
ENSG00000101138,5,0.9997495282358442
ENSG00000163159,5,0.9998577730883417
ENSG00000173281,0,0.9999999999999734
ENSG00000260361,0,0.999881996459038
ENSG00000233621,5,0.9999977703930343
ENSG00000248477,5,0.9999994223499988
ENSG00000161547,3,0.9978730807586182
ENSG00000217275,5,0.9995998586501923
ENSG00000229358,2,0.9999996546857675
ENSG00000071082,1,0.9999924507762531
ENSG00000136830,1,0.9999999481412898
ENSG00000060642,0,0.9999995510522061
ENSG00000103226,4,0.9177106087481912
ENSG00000181789,5,0.9998652556691593
ENSG00000072401,0,0.9998630967510304
ENSG00000039319,0,0.9998997487225293
ENSG00000008988,1,0.999999999999986
ENSG00000175826,2,0.9907269233326734
ENSG00000112079,0,0.9993132463836953
ENSG00000119508,3,0.9999999436870172
ENSG00000138768,5,0.9943022302996234
ENSG00000147813,1,0.999415593031462
ENSG00000155093,0,0.9983793880658854
ENSG00000174437,3,0.9998488747796093
ENSG00000105963,2,0.9886749983130372
ENSG00000165185,0,0.580163203889736
ENSG00000086015,4,0.9995473773946287
ENSG00000279592,1,0.9997717223552979
ENSG00000197061,1,0.9999879104902578
ENSG00000128394,5,0.999999903956113
ENSG00000081320,5,0.9986774375790752
ENSG00000205808,5,0.9995124075254485
ENSG00000151470,5,0.9999999945620859
ENSG00000165244,1,0.9431563315270435
ENSG00000225345,4,0.9983835557270136
ENSG00000275764,4,0.8317618720897487
ENSG00000287678,0,0.9999904741410816
ENSG00000180530,4,0.9958975662132683
ENSG00000070718,3,0.9444737586733271
ENSG00000122786,2,0.9999368578357001
ENSG00000175155,1,0.993109510812979
ENSG00000173272,2,0.8979397326084227
ENSG00000053918,4,0.8953326898897203
ENSG00000172053,4,0.9999320431745548
ENSG00000161040,5,0.9999999755973824
ENSG00000171467,3,0.9863440884155924
ENSG00000123444,5,0.9999634385833072
ENSG00000136158,3,0.9984590130257439
ENSG00000196455,5,0.9987655828232345
ENSG00000112972,3,0.9980636234165855
ENSG00000162073,2,0.9999996669845536
ENSG00000087206,5,0.997223609027646
ENSG00000064270,2,0.9937760002459022
ENSG00000160783,1,0.999778449619644
ENSG00000116489,0,0.99999996696887
ENSG00000089505,5,0.9838102383575564
ENSG00000161013,2,0.8299728564987977
ENSG00000092330,5,0.9999938990687152
ENSG00000169021,4,0.9999999501019217
ENSG00000238164,4,0.9997403583651554
ENSG00000166710,0,0.9997886836304043
ENSG00000178585,1,0.9999999664547079
ENSG00000118898,0,0.9998591857833706
ENSG00000171163,5,0.9977864735618928
ENSG00000147403,4,0.9999999999985338
ENSG00000161960,4,0.9999625250595062
ENSG00000286646,0,0.9999997727937239
ENSG00000221983,2,0.9996114952187692
ENSG00000260916,0,0.99999958878764
ENSG00000140983,3,0.9199893163599319
ENSG00000139192,5,0.999436293522752
ENSG00000197044,0,0.9999999979277068
ENSG00000160712,0,0.9898211875359926
ENSG00000106268,1,0.6138832917466689
ENSG00000156256,3,0.9999969377451683
ENSG00000156650,3,0.9999999991749959
ENSG00000178764,5,0.9929733920847773
ENSG00000170889,2,0.9999958893686862
ENSG00000112787,1,0.9999997815387269
ENSG00000178922,4,0.9999864568019624
ENSG00000109971,0,0.9999999999999214
ENSG00000163812,4,0.9999729495852153
ENSG00000197386,4,0.9999551362524506
ENSG00000136715,3,0.9996385460272087
ENSG00000004777,4,0.993127568579299
ENSG00000146232,3,0.9999987331694692
ENSG00000148200,4,0.5117817687430506
ENSG00000117400,2,0.9921765658607723
ENSG00000005249,1,0.9999999719159872
ENSG00000161996,4,0.9980441167298251
ENSG00000226891,0,0.9924711294341735
ENSG00000242314,0,0.9999999997496047
ENSG00000167642,1,0.999744402820574
ENSG00000221968,1,0.9920809443554638
ENSG00000109743,0,0.9999307948063464
ENSG00000137804,1,0.8072727719684543
ENSG00000152127,3,0.9979214188964471
ENSG00000160588,0,0.9956424139993599
ENSG00000144843,0,0.9999999270307838
ENSG00000166908,5,0.9998381959559379
ENSG00000117139,4,0.9987500483535865
ENSG00000161714,1,0.9999999975929572
ENSG00000271843,0,0.9946151397876387
ENSG00000135870,0,0.9999917522796916
ENSG00000248275,4,0.9999999999997393
ENSG00000152484,3,0.9999999842134835
ENSG00000267387,0,0.9999593703996263
ENSG00000185000,2,0.9999999561344558
ENSG00000085719,1,0.9999999405392661
ENSG00000183570,1,0.9999994955849401
ENSG00000015568,3,0.9999943523889231
ENSG00000119729,3,0.922536490992829
ENSG00000230825,0,0.9996569912614708
ENSG00000181788,1,0.9995367096961201
ENSG00000186496,5,0.9999999999996378
ENSG00000168517,5,0.999999982429462
ENSG00000287938,0,0.9864705122580769
ENSG00000197483,1,0.9999935680452093
ENSG00000261505,3,0.99996935274185
ENSG00000170458,0,0.9999999833923137
ENSG00000124549,5,0.9998609336351616
ENSG00000259182,0,0.9998728770852569
ENSG00000224870,5,0.9999503341806799
ENSG00000186187,2,0.9997445690445427
ENSG00000152760,2,0.9960976357718857
ENSG00000160973,2,0.7704150033373782
ENSG00000238246,0,0.9535194778754426
ENSG00000158062,1,0.9999999942630939
ENSG00000068354,3,0.9999999972268434
ENSG00000266947,5,0.9999935749045428
ENSG00000262587,0,0.999969733266311
ENSG00000176915,4,0.9999999834498627
ENSG00000028310,4,0.9999426581341984
ENSG00000169871,0,0.999814915360195
ENSG00000163428,4,0.9937632760896776
ENSG00000139624,3,0.9999999919953245
ENSG00000165178,0,0.9989866845234455
ENSG00000088826,4,0.9999999999997748
ENSG00000005187,4,0.999955796830966
ENSG00000264578,2,0.9999749410409343
ENSG00000149573,0,0.9999978428800995
ENSG00000141429,1,0.9999999975875313
ENSG00000076928,1,0.999996402941744
ENSG00000164252,5,0.9974826053196267
ENSG00000166387,5,0.6764859893340539
ENSG00000188021,5,0.9994095558993237
ENSG00000014919,5,0.9999999937058779
ENSG00000135535,0,0.9999886046367145
ENSG00000180423,5,0.9999457716244
ENSG00000136699,3,0.9999724559996137
ENSG00000286864,1,0.9999999999866447
ENSG00000134086,1,0.9999995204723698
ENSG00000142409,2,0.9999503034739636
ENSG00000186074,0,0.9992428734678429
ENSG00000278970,5,0.7111203520616068
ENSG00000134627,4,0.9833655956238916
ENSG00000197756,1,0.9999999999952887
ENSG00000134982,5,0.9999552986579292
ENSG00000231105,4,0.930894694666068
ENSG00000072954,1,0.9828073141388368
ENSG00000168216,5,0.9797940131070676
ENSG00000125740,3,0.9999987765371553
ENSG00000160789,3,0.9884466981408857
ENSG00000206573,3,0.9998161927673416
ENSG00000109099,2,0.9882349520197747
ENSG00000287299,0,0.9938191131960216
ENSG00000065621,5,0.984804320180033
ENSG00000132196,0,0.9999999999989722
ENSG00000150045,5,0.9998807219045666
ENSG00000156471,4,0.9384230713237064
ENSG00000118513,2,0.9999918372143641
ENSG00000161920,0,0.9771555936656539
ENSG00000140848,2,0.9999993477421465
ENSG00000104738,4,0.9999999999999996
ENSG00000130024,3,0.9999279824567423
ENSG00000107404,1,0.563644808061714
ENSG00000169567,4,0.9999997918334833
ENSG00000111802,0,0.9999956622764091
ENSG00000171858,1,0.9999932339970021
ENSG00000164877,1,0.5407556147919331
ENSG00000126775,3,0.9941338568835645
ENSG00000137947,0,0.9924475099301058
ENSG00000239775,0,0.9762387678214987
ENSG00000165417,0,0.8989864683964989
ENSG00000247317,0,0.9999996260389974
ENSG00000101966,5,0.9999168066243879
ENSG00000229180,4,0.9999999999631022
ENSG00000213719,0,0.9989319322172019
ENSG00000121210,5,0.9975993090372132
ENSG00000166128,5,0.9937634666250615
ENSG00000103381,0,0.999999933818546
ENSG00000113758,0,0.8846674088019488
ENSG00000139218,5,0.9999999998599371
ENSG00000182484,2,0.9999999999906075
ENSG00000181631,0,0.9934226427479764
ENSG00000149313,5,0.9928749307863879
ENSG00000110921,1,0.9999999932597647
ENSG00000237513,5,0.998423134233178
ENSG00000213172,0,0.9999999090676599
ENSG00000246430,0,0.9999785316451077
ENSG00000110514,4,0.9998137982088321
ENSG00000125355,0,0.9568912864342349
ENSG00000090487,2,0.9999996169559744
ENSG00000230701,4,0.6671924244254201
ENSG00000223552,0,0.98862012420374
ENSG00000106952,5,0.99528711459109
ENSG00000165424,3,0.9943661771293375
ENSG00000231799,0,0.9999739333725489
ENSG00000130772,0,0.9999953882407019
ENSG00000071859,2,0.9999999978772691
ENSG00000163933,5,0.9998966333155141
ENSG00000118217,5,0.9999999897695296
ENSG00000188282,0,0.9999527248164266
ENSG00000214253,1,0.9985970830544993
ENSG00000172159,0,0.9999999824523093
ENSG00000214761,0,0.9999999755188146
ENSG00000226822,0,0.9917178378070185
ENSG00000184900,4,0.9999997588223393
ENSG00000167978,3,0.9999984422907455
ENSG00000165886,2,0.9994536799979593
ENSG00000135801,4,0.998779354428096
ENSG00000103145,1,0.9998897776086533
ENSG00000251230,5,0.9999999857112829
ENSG00000160404,3,0.9993028289235927
ENSG00000120137,3,0.9809537542296821
ENSG00000170004,3,0.7578210920826655
ENSG00000102531,5,0.9998168521258994
ENSG00000100796,3,0.9999999970805082
ENSG00000233927,1,0.9999989580770694
ENSG00000100425,4,0.9484533686069359
ENSG00000238015,0,0.9999353636214486
ENSG00000164649,2,0.9999999997800821
ENSG00000205890,5,0.9971988548194213
ENSG00000167526,4,0.9999997595523166
ENSG00000100101,5,0.9946776352659538
ENSG00000101665,4,0.9999997510337779
ENSG00000233791,0,0.9961682861605481
ENSG00000167995,1,0.9999341879956172
ENSG00000167283,2,0.9999999999999956
ENSG00000273899,5,0.9999638320377963
ENSG00000197912,4,0.9999059539947275
ENSG00000260898,1,0.9999999999893514
ENSG00000254772,4,0.9999399919620793
ENSG00000140563,5,0.9999878442802201
ENSG00000146066,2,0.9998811221332378
ENSG00000085365,5,0.9992610390960015
ENSG00000198805,4,0.9978207117981998
ENSG00000058600,3,0.9999999999964382
ENSG00000186814,5,0.9987359454337008
ENSG00000140400,4,0.9999999999992171
ENSG00000126756,1,0.9990046914466173
ENSG00000166478,5,0.99999684785088
ENSG00000229117,1,0.9999885510068887
ENSG00000101342,0,0.9999839500175881
ENSG00000121933,0,0.9988887941149791
ENSG00000136026,1,0.9929059265227681
ENSG00000173409,5,0.9999970073281103
ENSG00000005022,4,0.99926872481019
ENSG00000249173,0,0.9999951788858258
ENSG00000198218,3,0.9999999999956248
ENSG00000056558,3,0.99737826203417
ENSG00000145819,0,0.9999996140708629
ENSG00000267580,2,0.9921721108600912
ENSG00000066044,1,0.9657225736526723
ENSG00000104164,3,0.9962641757800662
ENSG00000163319,0,0.998798472574424
ENSG00000183735,5,0.9999999934253758
ENSG00000109586,5,0.99654692024767
ENSG00000170037,4,0.9990540039770861
ENSG00000092841,2,0.920842141804112
ENSG00000005893,0,0.999999999741702
ENSG00000119403,4,0.9798898830563882
ENSG00000117724,1,0.9996951753410163
ENSG00000153066,3,0.9999997264019158
ENSG00000173171,0,0.9999916541604357
ENSG00000127616,4,0.9999246563232528
ENSG00000169429,3,0.8621801491658134
ENSG00000176894,2,0.9978127494799418
ENSG00000243335,3,0.9999999999974234
ENSG00000068489,1,0.9722220150611713
ENSG00000070731,5,0.976749965366199
ENSG00000126262,5,0.9999764426169624
ENSG00000279071,1,0.9998871612276463
ENSG00000137106,4,0.9999113256497268
ENSG00000122126,1,1.0
ENSG00000175592,3,0.999729968844529
ENSG00000115758,1,0.9999998419243575
ENSG00000230989,0,0.9999809543556976
ENSG00000279502,1,0.8610020907640962
ENSG00000148341,4,0.5168447821190045
ENSG00000260107,2,0.999999521826071
ENSG00000148730,2,0.9999970392527033
ENSG00000107863,1,0.9999956240374757
ENSG00000127054,3,0.9478041711075726
ENSG00000246851,4,0.9995028168751344
ENSG00000073792,2,0.9999999258740336
ENSG00000106635,4,0.9999999042606907
ENSG00000089820,4,0.9999911886665033
ENSG00000128016,3,0.9885141005891505
ENSG00000179978,5,0.9999979990072866
ENSG00000161970,1,0.9999993545002145
ENSG00000219665,2,0.9999999999708731
ENSG00000197102,3,0.7486254445698358
ENSG00000248455,0,0.9992678676766802
ENSG00000232931,4,0.9781791573954863
ENSG00000198130,5,0.9999999875497102
ENSG00000135336,5,0.9989668907716136
ENSG00000261804,0,0.9999789829865958
ENSG00000152082,1,0.8991316617976067
ENSG00000023041,5,0.9950124131140042
ENSG00000139343,4,0.9999999999999631
ENSG00000196664,0,0.9798159975346501
ENSG00000198178,0,0.9999998938428429
ENSG00000171940,0,0.9999899150624089
ENSG00000114391,1,1.0
ENSG00000139132,0,0.9998010564094804
ENSG00000156171,5,0.9997915105611209
ENSG00000160908,4,0.9998645706911671
ENSG00000144747,5,0.9978185496862478
ENSG00000183258,4,0.82183478378543
ENSG00000117748,0,0.9999739952113416
ENSG00000253982,4,0.9999999825712075
ENSG00000269293,1,0.9999990545616054
ENSG00000185339,5,0.9662143903850696
ENSG00000136280,0,0.9999999938255582
ENSG00000158796,5,0.999991868941914
ENSG00000285816,0,0.9999991438719065
ENSG00000240418,1,0.9999979324839865
ENSG00000171806,5,0.9999997805596941
ENSG00000182446,4,0.9999999870773242
ENSG00000235192,0,0.9989968934497823
ENSG00000225940,5,0.6153881483831837
ENSG00000134419,1,0.9991423825113953
ENSG00000136758,4,0.9860508173400813
ENSG00000183779,2,0.9965333865457673
ENSG00000100068,3,0.9953632112445466
ENSG00000236867,1,0.9999989321919553
ENSG00000171150,3,0.9995922574573127
ENSG00000181963,0,0.9999999999999636
ENSG00000151665,5,0.9997949396652231
ENSG00000180596,0,0.9434265720302033
ENSG00000240849,3,0.9987745801647716
ENSG00000212694,2,0.7863357691055295
ENSG00000123636,0,0.9999971334474594
ENSG00000100422,4,0.9999999656782673
ENSG00000102543,2,0.9999999999997962
ENSG00000072135,2,0.9999993700355948
